{
  "fio version" : "fio-3.16",
  "timestamp" : 1643324194,
  "timestamp_ms" : 1643324194481,
  "time" : "Thu Jan 27 22:56:34 2022",
  "global options" : {
    "runtime" : "60",
    "filename" : "/dev/sdi"
  },
  "jobs" : [
    {
      "jobname" : "iotest",
      "groupid" : 0,
      "error" : 0,
      "eta" : 0,
      "elapsed" : 61,
      "job options" : {
        "rw" : "read",
        "bs" : "128k",
        "ioengine" : "libaio",
        "iodepth" : "256",
        "numjobs" : "1",
        "direct" : "1",
        "group_reporting" : "1",
        "invalidate" : "1",
        "loops" : "1",
        "write_bw_log" : ".results/sequential/raw/sdi/128k/read-iodepth-256-numjobs-1",
        "write_lat_log" : ".results/sequential/raw/sdi/128k/read-iodepth-256-numjobs-1",
        "write_iops_log" : ".results/sequential/raw/sdi/128k/read-iodepth-256-numjobs-1",
        "log_avg_msec" : "500"
      },
      "read" : {
        "io_bytes" : 14209908736,
        "io_kbytes" : 13876864,
        "bw_bytes" : 236260848,
        "bw" : 230723,
        "iops" : 1802.527226,
        "runtime" : 60145,
        "total_ios" : 108413,
        "short_ios" : 0,
        "drop_ios" : 0,
        "slat_ns" : {
          "min" : 6359,
          "max" : 1113646,
          "mean" : 20098.780967,
          "stddev" : 12090.562563
        },
        "clat_ns" : {
          "min" : 15384715,
          "max" : 281859200,
          "mean" : 141975507.833670,
          "stddev" : 5398828.672842,
          "percentile" : {
            "1.000000" : 137363456,
            "5.000000" : 137363456,
            "10.000000" : 139460608,
            "20.000000" : 139460608,
            "30.000000" : 141557760,
            "40.000000" : 141557760,
            "50.000000" : 141557760,
            "60.000000" : 143654912,
            "70.000000" : 143654912,
            "80.000000" : 143654912,
            "90.000000" : 143654912,
            "95.000000" : 143654912,
            "99.000000" : 145752064,
            "99.500000" : 145752064,
            "99.900000" : 223346688,
            "99.950000" : 252706816,
            "99.990000" : 274726912
          }
        },
        "lat_ns" : {
          "min" : 15473742,
          "max" : 281871477,
          "mean" : 141996016.327913,
          "stddev" : 5397474.940641
        },
        "bw_min" : 215040,
        "bw_max" : 234496,
        "bw_agg" : 99.995157,
        "bw_mean" : 230711.825000,
        "bw_dev" : 2534.519366,
        "bw_samples" : 120,
        "iops_min" : 1680,
        "iops_max" : 1832,
        "iops_mean" : 1802.400000,
        "iops_stddev" : 19.784724,
        "iops_samples" : 120
      },
      "write" : {
        "io_bytes" : 0,
        "io_kbytes" : 0,
        "bw_bytes" : 0,
        "bw" : 0,
        "iops" : 0.000000,
        "runtime" : 0,
        "total_ios" : 0,
        "short_ios" : 0,
        "drop_ios" : 0,
        "slat_ns" : {
          "min" : 0,
          "max" : 0,
          "mean" : 0.000000,
          "stddev" : 0.000000
        },
        "clat_ns" : {
          "min" : 0,
          "max" : 0,
          "mean" : 0.000000,
          "stddev" : 0.000000,
          "percentile" : {
            "1.000000" : 0,
            "5.000000" : 0,
            "10.000000" : 0,
            "20.000000" : 0,
            "30.000000" : 0,
            "40.000000" : 0,
            "50.000000" : 0,
            "60.000000" : 0,
            "70.000000" : 0,
            "80.000000" : 0,
            "90.000000" : 0,
            "95.000000" : 0,
            "99.000000" : 0,
            "99.500000" : 0,
            "99.900000" : 0,
            "99.950000" : 0,
            "99.990000" : 0
          }
        },
        "lat_ns" : {
          "min" : 0,
          "max" : 0,
          "mean" : 0.000000,
          "stddev" : 0.000000
        },
        "bw_min" : 0,
        "bw_max" : 0,
        "bw_agg" : 0.000000,
        "bw_mean" : 0.000000,
        "bw_dev" : 0.000000,
        "bw_samples" : 0,
        "iops_min" : 0,
        "iops_max" : 0,
        "iops_mean" : 0.000000,
        "iops_stddev" : 0.000000,
        "iops_samples" : 0
      },
      "trim" : {
        "io_bytes" : 0,
        "io_kbytes" : 0,
        "bw_bytes" : 0,
        "bw" : 0,
        "iops" : 0.000000,
        "runtime" : 0,
        "total_ios" : 0,
        "short_ios" : 0,
        "drop_ios" : 0,
        "slat_ns" : {
          "min" : 0,
          "max" : 0,
          "mean" : 0.000000,
          "stddev" : 0.000000
        },
        "clat_ns" : {
          "min" : 0,
          "max" : 0,
          "mean" : 0.000000,
          "stddev" : 0.000000,
          "percentile" : {
            "1.000000" : 0,
            "5.000000" : 0,
            "10.000000" : 0,
            "20.000000" : 0,
            "30.000000" : 0,
            "40.000000" : 0,
            "50.000000" : 0,
            "60.000000" : 0,
            "70.000000" : 0,
            "80.000000" : 0,
            "90.000000" : 0,
            "95.000000" : 0,
            "99.000000" : 0,
            "99.500000" : 0,
            "99.900000" : 0,
            "99.950000" : 0,
            "99.990000" : 0
          }
        },
        "lat_ns" : {
          "min" : 0,
          "max" : 0,
          "mean" : 0.000000,
          "stddev" : 0.000000
        },
        "bw_min" : 0,
        "bw_max" : 0,
        "bw_agg" : 0.000000,
        "bw_mean" : 0.000000,
        "bw_dev" : 0.000000,
        "bw_samples" : 0,
        "iops_min" : 0,
        "iops_max" : 0,
        "iops_mean" : 0.000000,
        "iops_stddev" : 0.000000,
        "iops_samples" : 0
      },
      "sync" : {
        "lat_ns" : {
          "min" : 0,
          "max" : 0,
          "mean" : 0.000000,
          "stddev" : 0.000000,
          "percentile" : {
            "1.000000" : 0,
            "5.000000" : 0,
            "10.000000" : 0,
            "20.000000" : 0,
            "30.000000" : 0,
            "40.000000" : 0,
            "50.000000" : 0,
            "60.000000" : 0,
            "70.000000" : 0,
            "80.000000" : 0,
            "90.000000" : 0,
            "95.000000" : 0,
            "99.000000" : 0,
            "99.500000" : 0,
            "99.900000" : 0,
            "99.950000" : 0,
            "99.990000" : 0
          }
        },
        "total_ios" : 0
      },
      "job_runtime" : 60144,
      "usr_cpu" : 1.735834,
      "sys_cpu" : 5.756185,
      "ctx" : 108183,
      "majf" : 0,
      "minf" : 16463,
      "iodepth_level" : {
        "1" : 0.100000,
        "2" : 0.100000,
        "4" : 0.100000,
        "8" : 0.100000,
        "16" : 0.100000,
        "32" : 0.100000,
        ">=64" : 99.941889
      },
      "iodepth_submit" : {
        "0" : 0.000000,
        "4" : 100.000000,
        "8" : 0.000000,
        "16" : 0.000000,
        "32" : 0.000000,
        "64" : 0.000000,
        ">=64" : 0.000000
      },
      "iodepth_complete" : {
        "0" : 0.000000,
        "4" : 99.999075,
        "8" : 0.000000,
        "16" : 0.000000,
        "32" : 0.000000,
        "64" : 0.000000,
        ">=64" : 0.100000
      },
      "latency_ns" : {
        "2" : 0.000000,
        "4" : 0.000000,
        "10" : 0.000000,
        "20" : 0.000000,
        "50" : 0.000000,
        "100" : 0.000000,
        "250" : 0.000000,
        "500" : 0.000000,
        "750" : 0.000000,
        "1000" : 0.000000
      },
      "latency_us" : {
        "2" : 0.000000,
        "4" : 0.000000,
        "10" : 0.000000,
        "20" : 0.000000,
        "50" : 0.000000,
        "100" : 0.000000,
        "250" : 0.000000,
        "500" : 0.000000,
        "750" : 0.000000,
        "1000" : 0.000000
      },
      "latency_ms" : {
        "2" : 0.000000,
        "4" : 0.000000,
        "10" : 0.000000,
        "20" : 0.014758,
        "50" : 0.023982,
        "100" : 0.094085,
        "250" : 99.811831,
        "500" : 0.055344,
        "750" : 0.000000,
        "1000" : 0.000000,
        "2000" : 0.000000,