{
  "fio version" : "fio-3.16",
  "timestamp" : 1643225923,
  "timestamp_ms" : 1643225923219,
  "time" : "Wed Jan 26 19:38:43 2022",
  "global options" : {
    "size" : "150g",
    "runtime" : "60",
    "directory" : "/sda/8k"
  },
  "jobs" : [
    {
      "jobname" : "iotest",
      "groupid" : 0,
      "error" : 0,
      "eta" : 0,
      "elapsed" : 61,
      "job options" : {
        "rw" : "write",
        "bs" : "1m",
        "ioengine" : "libaio",
        "iodepth" : "256",
        "numjobs" : "1",
        "direct" : "1",
        "group_reporting" : "1",
        "invalidate" : "1",
        "loops" : "1",
        "write_bw_log" : "./results/zfs/8k/8k/1m/write-iodepth-256-numjobs-1",
        "write_lat_log" : "./results/zfs/8k/8k/1m/write-iodepth-256-numjobs-1",
        "write_iops_log" : "./results/zfs/8k/8k/1m/write-iodepth-256-numjobs-1",
        "log_avg_msec" : "500"
      },
      "read" : {
        "io_bytes" : 0,
        "io_kbytes" : 0,
        "bw_bytes" : 0,
        "bw" : 0,
        "iops" : 0.000000,
        "runtime" : 0,
        "total_ios" : 0,
        "short_ios" : 0,
        "drop_ios" : 0,
        "slat_ns" : {
          "min" : 0,
          "max" : 0,
          "mean" : 0.000000,
          "stddev" : 0.000000
        },
        "clat_ns" : {
          "min" : 0,
          "max" : 0,
          "mean" : 0.000000,
          "stddev" : 0.000000,
          "percentile" : {
            "1.000000" : 0,
            "5.000000" : 0,
            "10.000000" : 0,
            "20.000000" : 0,
            "30.000000" : 0,
            "40.000000" : 0,
            "50.000000" : 0,
            "60.000000" : 0,
            "70.000000" : 0,
            "80.000000" : 0,
            "90.000000" : 0,
            "95.000000" : 0,
            "99.000000" : 0,
            "99.500000" : 0,
            "99.900000" : 0,
            "99.950000" : 0,
            "99.990000" : 0
          }
        },
        "lat_ns" : {
          "min" : 0,
          "max" : 0,
          "mean" : 0.000000,
          "stddev" : 0.000000
        },
        "bw_min" : 0,
        "bw_max" : 0,
        "bw_agg" : 0.000000,
        "bw_mean" : 0.000000,
        "bw_dev" : 0.000000,
        "bw_samples" : 0,
        "iops_min" : 0,
        "iops_max" : 0,
        "iops_mean" : 0.000000,
        "iops_stddev" : 0.000000,
        "iops_samples" : 0
      },
      "write" : {
        "io_bytes" : 19674431488,
        "io_kbytes" : 19213312,
        "bw_bytes" : 327896261,
        "bw" : 320211,
        "iops" : 312.706243,
        "runtime" : 60002,
        "total_ios" : 18763,
        "short_ios" : 0,
        "drop_ios" : 0,
        "slat_ns" : {
          "min" : 1856205,
          "max" : 483531072,
          "mean" : 3194004.198049,
          "stddev" : 12219459.523562
        },
        "clat_ns" : {
          "min" : 51244,
          "max" : 1364287158,
          "mean" : 811733333.309228,
          "stddev" : 207741767.898231,
          "percentile" : {
            "1.000000" : 476053504,
            "5.000000" : 583008256,
            "10.000000" : 616562688,
            "20.000000" : 641728512,
            "30.000000" : 666894336,
            "40.000000" : 692060160,
            "50.000000" : 742391808,
            "60.000000" : 784334848,
            "70.000000" : 985661440,
            "80.000000" : 1044381696,
            "90.000000" : 1115684864,
            "95.000000" : 1149239296,
            "99.000000" : 1283457024,
            "99.500000" : 1367343104,
            "99.900000" : 1367343104,
            "99.950000" : 1367343104,
            "99.990000" : 1367343104
          }
        },
        "lat_ns" : {
          "min" : 2475411,
          "max" : 1367358090,
          "mean" : 814927929.795823,
          "stddev" : 208089079.721464
        },
        "bw_min" : 40878,
        "bw_max" : 483328,
        "bw_agg" : 99.448103,
        "bw_mean" : 318443.764706,
        "bw_dev" : 99493.293232,
        "bw_samples" : 119,
        "iops_min" : 39,
        "iops_max" : 472,
        "iops_mean" : 310.941176,
        "iops_stddev" : 97.189427,
        "iops_samples" : 119
      },
      "trim" : {
        "io_bytes" : 0,
        "io_kbytes" : 0,
        "bw_bytes" : 0,
        "bw" : 0,
        "iops" : 0.000000,
        "runtime" : 0,
        "total_ios" : 0,
        "short_ios" : 0,
        "drop_ios" : 0,
        "slat_ns" : {
          "min" : 0,
          "max" : 0,
          "mean" : 0.000000,
          "stddev" : 0.000000
        },
        "clat_ns" : {
          "min" : 0,
          "max" : 0,
          "mean" : 0.000000,
          "stddev" : 0.000000,
          "percentile" : {
            "1.000000" : 0,
            "5.000000" : 0,
            "10.000000" : 0,
            "20.000000" : 0,
            "30.000000" : 0,
            "40.000000" : 0,
            "50.000000" : 0,
            "60.000000" : 0,
            "70.000000" : 0,
            "80.000000" : 0,
            "90.000000" : 0,
            "95.000000" : 0,
            "99.000000" : 0,
            "99.500000" : 0,
            "99.900000" : 0,
            "99.950000" : 0,
            "99.990000" : 0
          }
        },
        "lat_ns" : {
          "min" : 0,
          "max" : 0,
          "mean" : 0.000000,
          "stddev" : 0.000000
        },
        "bw_min" : 0,
        "bw_max" : 0,
        "bw_agg" : 0.000000,
        "bw_mean" : 0.000000,
        "bw_dev" : 0.000000,
        "bw_samples" : 0,
        "iops_min" : 0,
        "iops_max" : 0,
        "iops_mean" : 0.000000,
        "iops_stddev" : 0.000000,
        "iops_samples" : 0
      },
      "sync" : {
        "lat_ns" : {
          "min" : 0,
          "max" : 0,
          "mean" : 0.000000,
          "stddev" : 0.000000,
          "percentile" : {
            "1.000000" : 0,
            "5.000000" : 0,
            "10.000000" : 0,
            "20.000000" : 0,
            "30.000000" : 0,
            "40.000000" : 0,
            "50.000000" : 0,
            "60.000000" : 0,
            "70.000000" : 0,
            "80.000000" : 0,
            "90.000000" : 0,
            "95.000000" : 0,
            "99.000000" : 0,
            "99.500000" : 0,
            "99.900000" : 0,
            "99.950000" : 0,
            "99.990000" : 0
          }
        },
        "total_ios" : 0
      },
      "job_runtime" : 60001,
      "usr_cpu" : 1.893302,
      "sys_cpu" : 85.340244,
      "ctx" : 162,
      "majf" : 0,
      "minf" : 131099,
      "iodepth_level" : {
        "1" : 0.100000,
        "2" : 0.100000,
        "4" : 0.100000,
        "8" : 0.100000,
        "16" : 0.100000,
        "32" : 0.170548,
        ">=64" : 99.664233
      },
      "iodepth_submit" : {
        "0" : 0.000000,
        "4" : 100.000000,
        "8" : 0.000000,
        "16" : 0.000000,
        "32" : 0.000000,
        "64" : 0.000000,
        ">=64" : 0.000000
      },
      "iodepth_complete" : {
        "0" : 0.000000,
        "4" : 99.994597,
        "8" : 0.000000,
        "16" : 0.000000,
        "32" : 0.000000,
        "64" : 0.000000,
        ">=64" : 0.100000
      },
      "latency_ns" : {
        "2" : 0.000000,
        "4" : 0.000000,
        "10" : 0.000000,
        "20" : 0.000000,
        "50" : 0.000000,
        "100" : 0.000000,
        "250" : 0.000000,
        "500" : 0.000000,
        "750" : 0.000000,
        "1000" : 0.000000
      },
      "latency_us" : {
        "2" : 0.000000,
        "4" : 0.000000,
        "10" : 0.000000,
        "20" : 0.000000,
        "50" : 0.000000,
        "100" : 0.010000,
        "250" : 0.000000,
        "500" : 0.000000,
        "750" : 0.000000,
        "1000" : 0.000000
      },
      "latency_ms" : {
        "2" : 0.000000,
        "4" : 0.010000,
        "10" : 0.015989,
        "20" : 0.021319,
        "50" : 0.063956,
        "100" : 0.095933,
        "250" : 0.282471,
        "500" : 0.564942,
        "750" : 52.193146,
        "1000" : 17.635773,
        "2000" : 29.115813,