{
  "fio version" : "fio-3.16",
  "timestamp" : 1643347055,
  "timestamp_ms" : 1643347055451,
  "time" : "Fri Jan 28 05:17:35 2022",
  "global options" : {
    "size" : "150g",
    "runtime" : "60",
    "directory" : "/sdi/64k"
  },
  "jobs" : [
    {
      "jobname" : "iotest",
      "groupid" : 0,
      "error" : 0,
      "eta" : 0,
      "elapsed" : 61,
      "job options" : {
        "rw" : "read",
        "bs" : "1m",
        "ioengine" : "libaio",
        "iodepth" : "256",
        "numjobs" : "1",
        "direct" : "1",
        "group_reporting" : "1",
        "invalidate" : "1",
        "loops" : "1",
        "write_bw_log" : ".results/sequential/zfs/64k/1m/read-iodepth-256-numjobs-1",
        "write_lat_log" : ".results/sequential/zfs/64k/1m/read-iodepth-256-numjobs-1",
        "write_iops_log" : ".results/sequential/zfs/64k/1m/read-iodepth-256-numjobs-1",
        "log_avg_msec" : "500"
      },
      "read" : {
        "io_bytes" : 87539318784,
        "io_kbytes" : 85487616,
        "bw_bytes" : 1458964330,
        "bw" : 1424769,
        "iops" : 1391.376810,
        "runtime" : 60001,
        "total_ios" : 83484,
        "short_ios" : 0,
        "drop_ios" : 0,
        "slat_ns" : {
          "min" : 646466,
          "max" : 2840054,
          "mean" : 715907.187796,
          "stddev" : 64688.828250
        },
        "clat_ns" : {
          "min" : 7212,
          "max" : 376357154,
          "mean" : 182720035.925543,
          "stddev" : 11233086.300417,
          "percentile" : {
            "1.000000" : 179306496,
            "5.000000" : 179306496,
            "10.000000" : 179306496,
            "20.000000" : 181403648,
            "30.000000" : 181403648,
            "40.000000" : 181403648,
            "50.000000" : 181403648,
            "60.000000" : 181403648,
            "70.000000" : 181403648,
            "80.000000" : 183500800,
            "90.000000" : 183500800,
            "95.000000" : 183500800,
            "99.000000" : 214958080,
            "99.500000" : 223346688,
            "99.900000" : 354418688,
            "99.950000" : 362807296,
            "99.990000" : 371195904
          }
        },
        "lat_ns" : {
          "min" : 696032,
          "max" : 378105243,
          "mean" : 183436290.371713,
          "stddev" : 11271464.723148
        },
        "bw_min" : 258048,
        "bw_max" : 1456128,
        "bw_agg" : 99.651950,
        "bw_mean" : 1419810.092437,
        "bw_dev" : 113677.492747,
        "bw_samples" : 119,
        "iops_min" : 252,
        "iops_max" : 1422,
        "iops_mean" : 1386.504202,
        "iops_stddev" : 111.017091,
        "iops_samples" : 119
      },
      "write" : {
        "io_bytes" : 0,
        "io_kbytes" : 0,
        "bw_bytes" : 0,
        "bw" : 0,
        "iops" : 0.000000,
        "runtime" : 0,
        "total_ios" : 0,
        "short_ios" : 0,
        "drop_ios" : 0,
        "slat_ns" : {
          "min" : 0,
          "max" : 0,
          "mean" : 0.000000,
          "stddev" : 0.000000
        },
        "clat_ns" : {
          "min" : 0,
          "max" : 0,
          "mean" : 0.000000,
          "stddev" : 0.000000,
          "percentile" : {
            "1.000000" : 0,
            "5.000000" : 0,
            "10.000000" : 0,
            "20.000000" : 0,
            "30.000000" : 0,
            "40.000000" : 0,
            "50.000000" : 0,
            "60.000000" : 0,
            "70.000000" : 0,
            "80.000000" : 0,
            "90.000000" : 0,
            "95.000000" : 0,
            "99.000000" : 0,
            "99.500000" : 0,
            "99.900000" : 0,
            "99.950000" : 0,
            "99.990000" : 0
          }
        },
        "lat_ns" : {
          "min" : 0,
          "max" : 0,
          "mean" : 0.000000,
          "stddev" : 0.000000
        },
        "bw_min" : 0,
        "bw_max" : 0,
        "bw_agg" : 0.000000,
        "bw_mean" : 0.000000,
        "bw_dev" : 0.000000,
        "bw_samples" : 0,
        "iops_min" : 0,
        "iops_max" : 0,
        "iops_mean" : 0.000000,
        "iops_stddev" : 0.000000,
        "iops_samples" : 0
      },
      "trim" : {
        "io_bytes" : 0,
        "io_kbytes" : 0,
        "bw_bytes" : 0,
        "bw" : 0,
        "iops" : 0.000000,
        "runtime" : 0,
        "total_ios" : 0,
        "short_ios" : 0,
        "drop_ios" : 0,
        "slat_ns" : {
          "min" : 0,
          "max" : 0,
          "mean" : 0.000000,
          "stddev" : 0.000000
        },
        "clat_ns" : {
          "min" : 0,
          "max" : 0,
          "mean" : 0.000000,
          "stddev" : 0.000000,
          "percentile" : {
            "1.000000" : 0,
            "5.000000" : 0,
            "10.000000" : 0,
            "20.000000" : 0,
            "30.000000" : 0,
            "40.000000" : 0,
            "50.000000" : 0,
            "60.000000" : 0,
            "70.000000" : 0,
            "80.000000" : 0,
            "90.000000" : 0,
            "95.000000" : 0,
            "99.000000" : 0,
            "99.500000" : 0,
            "99.900000" : 0,
            "99.950000" : 0,
            "99.990000" : 0
          }
        },
        "lat_ns" : {
          "min" : 0,
          "max" : 0,
          "mean" : 0.000000,
          "stddev" : 0.000000
        },
        "bw_min" : 0,
        "bw_max" : 0,
        "bw_agg" : 0.000000,
        "bw_mean" : 0.000000,
        "bw_dev" : 0.000000,
        "bw_samples" : 0,
        "iops_min" : 0,
        "iops_max" : 0,
        "iops_mean" : 0.000000,
        "iops_stddev" : 0.000000,
        "iops_samples" : 0
      },
      "sync" : {
        "lat_ns" : {
          "min" : 0,
          "max" : 0,
          "mean" : 0.000000,
          "stddev" : 0.000000,
          "percentile" : {
            "1.000000" : 0,
            "5.000000" : 0,
            "10.000000" : 0,
            "20.000000" : 0,
            "30.000000" : 0,
            "40.000000" : 0,
            "50.000000" : 0,
            "60.000000" : 0,
            "70.000000" : 0,
            "80.000000" : 0,
            "90.000000" : 0,
            "95.000000" : 0,
            "99.000000" : 0,
            "99.500000" : 0,
            "99.900000" : 0,
            "99.950000" : 0,
            "99.990000" : 0
          }
        },
        "total_ios" : 0
      },
      "job_runtime" : 60000,
      "usr_cpu" : 0.418333,
      "sys_cpu" : 99.573333,
      "ctx" : 48,
      "majf" : 0,
      "minf" : 65570,
      "iodepth_level" : {
        "1" : 0.100000,
        "2" : 0.100000,
        "4" : 0.100000,
        "8" : 0.100000,
        "16" : 0.100000,
        "32" : 0.100000,
        ">=64" : 99.924536
      },
      "iodepth_submit" : {
        "0" : 0.000000,
        "4" : 100.000000,
        "8" : 0.000000,
        "16" : 0.000000,
        "32" : 0.000000,
        "64" : 0.000000,
        ">=64" : 0.000000
      },
      "iodepth_complete" : {
        "0" : 0.000000,
        "4" : 99.998799,
        "8" : 0.000000,
        "16" : 0.000000,
        "32" : 0.000000,
        "64" : 0.000000,
        ">=64" : 0.100000
      },
      "latency_ns" : {
        "2" : 0.000000,
        "4" : 0.000000,
        "10" : 0.000000,
        "20" : 0.000000,
        "50" : 0.000000,
        "100" : 0.000000,
        "250" : 0.000000,
        "500" : 0.000000,
        "750" : 0.000000,
        "1000" : 0.000000
      },
      "latency_us" : {
        "2" : 0.000000,
        "4" : 0.000000,
        "10" : 0.010000,
        "20" : 0.000000,
        "50" : 0.000000,
        "100" : 0.000000,
        "250" : 0.000000,
        "500" : 0.000000,
        "750" : 0.010000,
        "1000" : 0.000000
      },
      "latency_ms" : {
        "2" : 0.010000,
        "4" : 0.010000,
        "10" : 0.010781,
        "20" : 0.016770,
        "50" : 0.049111,
        "100" : 0.083848,
        "250" : 99.532845,
        "500" : 0.299459,
        "750" : 0.000000,
        "1000" : 0.000000,
        "2000" : 0.000000,